Message,Student_ID,TA_ID,Professor_ID,Time
Organization out change certain look resource society as.,6,2,6,2024-03-26 23:23:28
Mind financial about its result role run.,4,9,3,2024-03-05 00:26:25
Media radio structure enough word these raise. Her idea decision street keep girl office.,55,9,9,2024-03-26 20:47:15
Successful since lot. Break adult popular degree me without thing around. Blood it three.,4,8,9,2024-03-11 00:57:06
Language religious dinner range. Our figure affect.,53,4,4,2024-01-28 13:09:34
Anyone hair eat report house thought. Point true office travel although energy instead else.,15,10,5,2024-01-22 09:16:01
Shake professional pattern happy treatment. Why into knowledge high. Wrong condition particularly plant fish interview.,34,9,5,2024-01-23 20:03:04
Create care possible fall growth red voice. Institution floor sing. Vote fill class buy step religious support since.,4,2,6,2024-02-14 23:52:02
Receive sometimes need fight new. Movement car decision education. Avoid until test accept simple change.,24,4,4,2024-02-09 10:34:00
My sell economy be ten specific. Beautiful product stuff box.,28,5,7,2024-02-17 13:46:25
Couple job respond page nothing option. Expert trip set citizen worry individual of. Site avoid campaign thought campaign after.,42,8,5,2024-02-09 21:12:31
Two song better far science everyone economic religious. Every evening enjoy prevent blood thank seven. Wonder look will six green during then.,25,4,7,2024-04-01 12:09:26
Own training point fill beat forget. National likely economic catch wind. Conference car treatment idea pull charge.,32,1,1,2024-03-15 06:06:54
Expert training actually model. Ready plant her eight could them. Most perform budget simple detail after here.,52,5,10,2024-02-25 01:16:22
Set relate act place know soldier decade. Single agency TV whether.,40,10,6,2024-03-27 15:50:34
Stay gun fast money sometimes. Their believe civil actually.,29,5,7,2024-04-01 03:43:12
Us story next. South plan play television pattern near may. Similar space them could difference piece.,20,2,3,2024-03-02 22:21:36
Operation very east red writer piece surface. Occur individual my citizen vote.,37,7,6,2024-01-29 09:42:20
Television industry everyone drive claim dark seek song. Five plant major movement attorney step.,17,7,7,2024-04-16 17:53:33
Thank alone group above front. Tax rule natural sense off someone. Hundred between against three.,47,4,10,2024-04-05 00:36:19
Rest accept beat item cause yeah best. Off prove enjoy actually.,4,2,6,2024-03-23 05:35:56
Wide strategy note media face around. Cold agreement hotel current response. Would energy mean it.,42,1,9,2024-04-17 02:46:53
Across for could bed word school particular because. Despite time four into cultural soon. Decide size market have her oil worry.,33,6,9,2024-04-04 01:15:24
Tax center must. Tax control every hear. Real eight raise policy instead.,30,4,3,2024-02-22 04:11:49
Space baby within change service. Party civil wish no top. Institution response former true student local.,2,8,9,2024-01-08 00:08:14
Exactly their book. Political interview beautiful nice carry. Six rule themselves camera talk since find.,24,4,7,2024-03-15 18:35:04
Organization arm institution in budget middle beat.,9,9,1,2024-03-29 09:18:22
School note mother suggest personal yard. Discover rise nothing party another sign fish.,56,8,9,2024-01-02 00:26:57
Himself financial major condition continue. College modern body while.,24,4,10,2024-01-11 04:07:08
History its modern quite some. Hospital mother at possible participant share tax. Thousand road lay give less situation hold.,18,3,3,2024-01-02 14:47:14
Official stuff yard throw detail admit. Couple child quickly none nor find dream.,28,6,8,2024-04-19 00:33:53
Adult wall tonight either page newspaper financial. Alone usually film economic young change watch. Society plan energy evening upon.,60,6,7,2024-03-11 05:52:07
Far per western season number happen if. Capital enter remain the happy cell.,35,8,4,2024-04-09 14:10:47
Appear science only citizen decision rock whatever. Seat our avoid know center reality. Read staff drive own.,25,1,1,2024-02-17 18:47:04
Others economic road thing story ahead large.,12,4,2,2024-03-08 06:20:32
Picture I drop smile art operation campaign. Big necessary tough owner operation old huge.,37,1,1,2024-04-02 23:48:40
My campaign fight then process grow before yeah. Lay receive approach final.,18,7,10,2024-03-04 16:12:47
Guy discussion concern forget size. Sound bring experience on manage.,42,10,8,2024-02-20 05:01:16
What stuff require western choice summer. Tv develop learn century more. Board care fund language million bank moment. Campaign method single up.,58,3,8,2024-01-23 03:16:13
Our actually hair even eye thing. Sing across medical number full there talk. Evidence the half debate former pull. Social something idea live author.,26,4,3,2024-03-21 23:59:08
Sense every law you less push office. Before able agent there. Notice choose admit nature require age agreement.,40,7,1,2024-02-04 10:10:28
Ok none another. Price control eye address any. Use choice somebody away when step magazine away.,30,7,5,2024-01-06 16:25:12
Behind program art rule so situation to bag. Manage off black gas office loss personal. Help win Congress you interview process.,32,6,9,2024-01-28 23:33:37
Group teach hear baby staff feeling. Back perform wonder design able.,33,3,2,2024-01-07 20:57:16
Blood medical for ever training drop individual. Debate sell other relate offer thousand. Oil health plan think.,18,8,6,2024-04-19 15:52:12
Spend try over chance. Fly yet red relationship force certain mission. Five group then song have develop operation.,20,2,4,2024-04-08 09:47:56
Not single toward key responsibility. Mouth large however perform value.,51,1,6,2024-01-12 01:07:07
Four yard ball drug possible dog. Cause help apply strong remain pull sort.,18,6,4,2024-03-16 06:35:01
Guy environmental consumer start into. Son sure parent station. Catch generation resource add only military history cold.,51,10,8,2024-03-24 17:07:03
Over official weight ten begin big into. Room about design.,50,10,1,2024-03-28 11:39:06
